<?xml version="1.0" encoding="UTF-8"?>
<project-private xmlns="http://www.netbeans.org/ns/project-private/1">
    <editor-bookmarks xmlns="http://www.netbeans.org/ns/editor-bookmarks/2" lastBookmarkId="0"/>
    <open-files xmlns="http://www.netbeans.org/ns/projectui-open-files/2">
        <group>
            <file>file:/G:/YR%203/Object%20Oriented%20Programming%20(OOP)/Labs/Lab%202%20-%20Polymorphism/src/PolymorphismApp.java</file>
            <file>file:/G:/YR%203/Object%20Oriented%20Programming%20(OOP)/Labs/Lab%202%20-%20Polymorphism/src/HourlyPaidEmployee.java</file>
            <file>file:/G:/YR%203/Object%20Oriented%20Programming%20(OOP)/Labs/Lab%202%20-%20Polymorphism/src/WeeklySalaryEmployee.java</file>
            <file>file:/G:/YR%203/Object%20Oriented%20Programming%20(OOP)/Labs/Lab%202%20-%20Polymorphism/src/CommissionEmployee.java</file>
            <file>file:/G:/YR%203/Object%20Oriented%20Programming%20(OOP)/Labs/Lab%202%20-%20Polymorphism/src/BasePlusCommissionEmployee.java</file>
            <file>file:/G:/YR%203/Object%20Oriented%20Programming%20(OOP)/Labs/Lab%202%20-%20Polymorphism/src/Employee.java</file>
        </group>
    </open-files>
</project-private>
